Workbook

Sheet Dashboard
B2: 🪐 PLANET DATA VISUALIZATION DASHBOARD
B3: Exoplanet Mass & Radius Analytics • 5,986 Confirmed Planets • Source: Cleaned & Feature-Engineered Dataset
B6: TOTAL PLANETS | F6: HIGHEST MASS | J6: LOWEST MASS | N6: AVG. MASS
B7: =COUNTA('Cleaned Data'!$A$2:$A$5987) -> 5986 | F7: {=INDEX('Cleaned Data'!$A$2:$A$5987,MATCH(MAX('Cleaned Data'!$C$2:$C$5987),'Cleaned Data'!$C$2:$C$5987,0))&" ("&TEXT(MAX('Cleaned Data'!$C$2:$C$5987),"0.00")&" Mj)"} -> GJ 2030 Ac (12.93 Mj) | J7: {=INDEX('Cleaned Data'!$A$2:$A$5987,MATCH(MIN('Cleaned Data'!$C$2:$C$5987),'Cleaned Data'!$C$2:$C$5987,0))&" ("&TEXT(MIN('Cleaned Data'!$C$2:$C$5987),"0.00000")&" Mj)"} -> LHS 1678 b (0.00019 Mj) | N7: =AVERAGE('Cleaned Data'!$C$2:$C$5987) -> 1.4925385
B9: Confirmed exoplanets in dataset | F9: Most massive confirmed planet | J9: Least massive confirmed planet | N9: Mean across all measured planets
B11: AVG. RADIUS | E11: MEDIAN MASS | H11: MASS–RADIUS CORR. | K11: MASS DATA COVERAGE | N11: RADIUS DATA COVERAGE
B12: =AVERAGE('Cleaned Data'!$I$2:$I$5987) -> 0.40151504 | E12: =MEDIAN('Cleaned Data'!$C$2:$C$5987) -> 0.37 | H12: =CORREL('Cleaned Data'!$C$2:$C$5987,'Cleaned Data'!$I$2:$I$5987) -> 0.41728603 | K12: =COUNT('Cleaned Data'!$C$2:$C$5987)/COUNTA('Cleaned Data'!$A$2:$A$5987) -> 0.34731039 | N12: =COUNT('Cleaned Data'!$I$2:$I$5987)/COUNTA('Cleaned Data'!$A$2:$A$5987) -> 0.76311393
B14: Mean radius, Jupiter units | E14: Robust central tendency | H14: Pearson correlation coefficient | K14: Planets with measured mass | N14: Planets with measured radius
B15: EXOPLANET EXPLORER
B17: Distribution & Composition
B35: Top Planets by Size
B53: Relationships & Data Quality
B71: Key Findings & Data Notes
B72: ="• Dataset covers "&TEXT(COUNTA('Cleaned Data'!$A$2:$A$5987),"#,##0")&" confirmed exoplanets; every record carries planet_status = Confirmed." -> • Dataset covers 5,986 confirmed exoplanets; every record carries planet_status = Confirmed.
B74: {="• Most massive planet: "&INDEX('Cleaned Data'!$A$2:$A$5987,MATCH(MAX('Cleaned Data'!$C$2:$C$5987),'Cleaned Data'!$C$2:$C$5987,0))&" at "&TEXT(MAX('Cleaned Data'!$C$2:$C$5987),"0.000")&" Jupiter masses; least massive: "&INDEX('Cleaned Data'!$A$2:$A$5987,MATCH(MIN('Cleaned Data'!$C$2:$C$5987),'Cleaned Data'!$C$2:$C$5987,0))&" at "&TEXT(MIN('Cleaned Data'!$C$2:$C$5987),"0.00000")&" Jupiter masses."} -> • Most massive planet: GJ 2030 Ac at 12.934 Jupiter masses; least massive: LHS 1678 b at 0.00019 Jupiter masses.
B76: ="• Mean planet mass is "&TEXT(AVERAGE('Cleaned Data'!$C$2:$C$5987),"0.0000")&" Mj vs. a median of "&TEXT(MEDIAN('Cleaned Data'!$C$2:$C$5987),"0.0000")&" Mj — the large mean/median gap signals a right-skewed distribution driven by a minority of giant planets." -> • Mean planet mass is 1.4925 Mj vs. a median of 0.3700 Mj — the large mean/median gap signals a right-skewed distribution driven by a minority of giant planets.
B78: ="• Mass and radius show a moderate positive correlation (r = "&TEXT(CORREL('Cleaned Data'!$C$2:$C$5987,'Cleaned Data'!$I$2:$I$5987),"0.000")&"); bigger planets tend to be heavier, but the relationship is far from linear across the full mass range." -> • Mass and radius show a moderate positive correlation (r = 0.417); bigger planets tend to be heavier, but the relationship is far from linear across the full mass range.
B80: ="• Mass data is available for "&TEXT(COUNT('Cleaned Data'!$C$2:$C$5987)/COUNTA('Cleaned Data'!$A$2:$A$5987),"0.0%")&" of planets and radius for "&TEXT(COUNT('Cleaned Data'!$I$2:$I$5987)/COUNTA('Cleaned Data'!$A$2:$A$5987),"0.0%")&" — coverage gaps should be kept in mind when generalizing findings." -> • Mass data is available for 34.7% of planets and radius for 76.3% — coverage gaps should be kept in mind when generalizing findings.
B82: ="• IQR-based outlier screening flags "&TEXT(COUNTIF('Cleaned Data'!$K$2:$K$5987,TRUE())/COUNT('Cleaned Data'!$C$2:$C$5987),"0.0%")&" of mass values and "&TEXT(COUNTIF('Cleaned Data'!$M$2:$M$5987,TRUE())/COUNT('Cleaned Data'!$I$2:$I$5987),"0.0%")&" of radius values as statistical outliers — mostly ultra-massive or ultra-large planets." -> • IQR-based outlier screening flags 13.5% of mass values and 19.2% of radius values as statistical outliers — mostly ultra-massive or ultra-large planets.
B84: ="• See the Mass Classification and Radius Classification sheets for a full breakdown of planet types (Sub-Neptune through Super-Jupiter)." -> • See the Mass Classification and Radius Classification sheets for a full breakdown of planet types (Sub-Neptune through Super-Jupiter).
B87: Notes: Mass and radius are expressed in Jupiter units (Mj, Rj). Classification thresholds are approximate size bands for exploratory grouping, not formal planetary-science definitions. Outliers identified via the 1.5×IQR fence method. All KPI, chart, and classification values are live formulas linked to the 'Cleaned Data' sheet and recalculate automatically.
B88: Data Visualization & Dashboard | Cleaned Dataset Analysis
B91: HIGHEST MASS PLANET HATS-70 b Mass: 12.9000 | D91: LOWEST MASS PLANET LHS 1678 b Mass: 0.00019 | F91: AVERAGE MASS 0.9240 Jupiter masses | H91: AVERAGE RADIUS 0.7116 Jupiter radii | J91: VALID PLANETS 1,588 Mass + radius records
O113: KEY FINDINGS
O114: • Highest mass: HATS-70 b (12.9000)

Sheet Cleaned Data
A1: name | B1: planet_status | C1: mass | D1: mass_error_min | E1: mass_error_max | F1: mass_sini | G1: mass_sini_error_min | H1: mass_sini_error_max | I1: radius | J1: radius_error_min | K1: mass_outlier_flag | L1: mass_sini_outlier_flag | M1: radius_outlier_flag | N1: mass_log1p | O1: mass_sini_log1p | P1: radius_log1p | Q1: mass_zscore | R1: mass_sini_zscore | S1: radius_zscore | T1: mass_rank | U1: radius_rank
A2: 109 Psc b | B2: Confirmed | C2: 5.743 | D2: 0.289 | E2: 1.011 | F2: 6.383 | G2: 0.078 | H2: 0.078 | I2: 1.152 | K2: =TRUE() -> TRUE | L2: =TRUE() -> TRUE | M2: =TRUE() -> TRUE | N2: 1.9085049 | O2: 1.9991801 | P2: 0.76639764 | Q2: 2.8994105 | R2: 3.3971458 | S2: 0.61130805 | T2: =IF(C2="","",RANK(C2,$C$2:$C$5987)+COUNTIF($C$2:C2,C2)-1) -> 185 | U2: =IF(I2="","",RANK(I2,$I$2:$I$5987)+COUNTIF($I$2:I2,I2)-1) -> 447
A3: 112 Psc b | B3: Confirmed | D3: 0.005 | E3: 0.004 | F3: 0.033 | G3: 0.005 | H3: 0.004 | K3: =FALSE() -> FALSE | L3: =FALSE() -> FALSE | M3: =FALSE() -> FALSE | O3: 0.03246719 | T3: =IF(C3="","",RANK(C3,$C$2:$C$5987)+COUNTIF($C$2:C3,C3)-1) | U3: =IF(I3="","",RANK(I3,$I$2:$I$5987)+COUNTIF($I$2:I3,I3)-1)
A4: 112 Psc c | B4: Confirmed | C4: 9.866 | D4: 1.781 | E4: 3.19 | K4: =TRUE() -> TRUE | L4: =FALSE() -> FALSE | M4: =FALSE() -> FALSE | N4: 2.3856386 | T4: =IF(C4="","",RANK(C4,$C$2:$C$5987)+COUNTIF($C$2:C4,C4)-1) -> 61 | U4: =IF(I4="","",RANK(I4,$I$2:$I$5987)+COUNTIF($I$2:I4,I4)-1)
A5: 11 UMi b | B5: Confirmed | D5: 1.1 | E5: 1.1 | F5: 11.0873 | G5: 1.1 | H5: 1.1 | K5: =FALSE() -> FALSE | L5: =TRUE() -> TRUE | M5: =FALSE() -> FALSE | O5: 2.4921553 | T5: =IF(C5="","",RANK(C5,$C$2:$C$5987)+COUNTIF($C$2:C5,C5)-1) | U5: =IF(I5="","",RANK(I5,$I$2:$I$5987)+COUNTIF($I$2:I5,I5)-1)
A6: 14 And Ab | B6: Confirmed | D6: 0.23 | E6: 0.23 | F6: 4.684 | G6: 0.23 | H6: 0.23 | K6: =FALSE() -> FALSE | L6: =FALSE() -> FALSE | M6: =FALSE() -> FALSE | O6: 1.7376552 | T6: =IF(C6="","",RANK(C6,$C$2:$C$5987)+COUNTIF($C$2:C6,C6)-1) | U6: =IF(I6="","",RANK(I6,$I$2:$I$5987)+COUNTIF($I$2:I6,I6)-1)
A7: 14 Her b | B7: Confirmed | C7: 8.9 | D7: 1.7 | E7: 1.3 | F7: 4.95 | K7: =TRUE() -> TRUE | L7: =FALSE() -> FALSE | M7: =FALSE() -> FALSE | N7: 2.2925348 | O7: 1.7833912 | T7: =IF(C7="","",RANK(C7,$C$2:$C$5987)+COUNTIF($C$2:C7,C7)-1) -> 84 | U7: =IF(I7="","",RANK(I7,$I$2:$I$5987)+COUNTIF($I$2:I7,I7)-1)
A8: 14 Her c | B8: Confirmed | C8: 7.9 | D8: 1.2 | E8: 1.6 | F8: 7.12 | K8: =TRUE() -> TRUE | L8: =TRUE() -> TRUE | M8: =FALSE() -> FALSE | N8: 2.1860513 | O8: 2.0943302 | T8: =IF(C8="","",RANK(C8,$C$2:$C$5987)+COUNTIF($C$2:C8,C8)-1) -> 112 | U8: =IF(I8="","",RANK(I8,$I$2:$I$5987)+COUNTIF($I$2:I8,I8)-1)
A9: 16 Cyg Bb | B9: Confirmed | D9: 0.08 | E9: 0.08 | F9: 1.64 | G9: 0.08 | H9: 0.08 | K9: =FALSE() -> FALSE | L9: =FALSE() -> FALSE | M9: =FALSE() -> FALSE | O9: 0.97077892 | T9: =IF(C9="","",RANK(C9,$C$2:$C$5987)+COUNTIF($C$2:C9,C9)-1) | U9: =IF(I9="","",RANK(I9,$I$2:$I$5987)+COUNTIF($I$2:I9,I9)-1)
A10: 18 Del Ab | B10: Confirmed | D10: 0.36 | E10: 0.36 | F10: 10.3 | G10: 0.36 | H10: 0.36 | K10: =FALSE() -> FALSE | L10: =TRUE() -> TRUE | M10: =FALSE() -> FALSE | O10: 2.4248027 | T10: =IF(C10="","",RANK(C10,$C$2:$C$5987)+COUNTIF($C$2:C10,C10)-1) | U10: =IF(I10="","",RANK(I10,$I$2:$I$5987)+COUNTIF($I$2:I10,I10)-1)
A11: 23 Lib b | B11: Confirmed | D11: 0.02 | E11: 0.02 | F11: 1.59 | G11: 0.02 | H11: 0.02 | K11: =FALSE() -> FALSE | L11: =FALSE() -> FALSE | M11: =FALSE() -> FALSE | O11: 0.95165788 | T11: =IF(C11="","",RANK(C11,$C$2:$C$5987)+COUNTIF($C$2:C11,C11)-1) | U11: =IF(I11="","",RANK(I11,$I$2:$I$5987)+COUNTIF($I$2:I11,I11)-1)
A12: 23 Lib c | B12: Confirmed | D12: 0.03 | E12: 0.03 | F12: 0.82 | G12: 0.03 | H12: 0.03 | K12: =FALSE() -> FALSE | L12: =FALSE() -> FALSE | M12: =FALSE() -> FALSE | O12: 0.5988365 | T12: =IF(C12="","",RANK(C12,$C$2:$C$5987)+COUNTIF($C$2:C12,C12)-1) | U12: =IF(I12="","",RANK(I12,$I$2:$I$5987)+COUNTIF($I$2:I12,I12)-1)
A13: 24 Boo b | B13: Confirmed | D13: 0.11 | E13: 0.11 | F13: 0.91 | G13: 0.11 | H13: 0.11 | K13: =FALSE() -> FALSE | L13: =FALSE() -> FALSE | M13: =FALSE() -> FALSE | O13: 0.64710324 | T13: =IF(C13="","",RANK(C13,$C$2:$C$5987)+COUNTIF($C$2:C13,C13)-1) | U13: =IF(I13="","",RANK(I13,$I$2:$I$5987)+COUNTIF($I$2:I13,I13)-1)
A14: 24 Sex b | B14: Confirmed | D14: 0.11 | E14: 0.11 | F14: 1.84 | G14: 0.11 | H14: 0.11 | K14: =FALSE() -> FALSE | L14: =FALSE() -> FALSE | M14: =FALSE() -> FALSE | O14: 1.0438041 | T14: =IF(C14="","",RANK(C14,$C$2:$C$5987)+COUNTIF($C$2:C14,C14)-1) | U14: =IF(I14="","",RANK(I14,$I$2:$I$5987)+COUNTIF($I$2:I14,I14)-1)
A15: 24 Sex c | B15: Confirmed | D15: 0.2 | E15: 0.2 | F15: 1.52 | G15: 0.2 | H15: 0.2 | K15: =FALSE() -> FALSE | L15: =FALSE() -> FALSE | M15: =FALSE() -> FALSE | O15: 0.9242589 | T15: =IF(C15="","",RANK(C15,$C$2:$C$5987)+COUNTIF($C$2:C15,C15)-1) | U15: =IF(I15="","",RANK(I15,$I$2:$I$5987)+COUNTIF($I$2:I15,I15)-1)
A16: 2M 1253+2734 b | B16: Confirmed | D16: 0.2 | E16: 1.8 | F16: 8.3 | G16: 0.2 | H16: 1.8 | K16: =FALSE() -> FALSE | L16: =TRUE() -> TRUE | M16: =FALSE() -> FALSE | O16: 2.2300144 | T16: =IF(C16="","",RANK(C16,$C$2:$C$5987)+COUNTIF($C$2:C16,C16)-1) | U16: =IF(I16="","",RANK(I16,$I$2:$I$5987)+COUNTIF($I$2:I16,I16)-1)
A17: 2M1510 (AB)b | B17: Confirmed | C17: 0.031 | K17: =FALSE() -> FALSE | L17: =FALSE() -> FALSE | M17: =FALSE() -> FALSE | N17: 0.030529205 | T17: =IF(C17="","",RANK(C17,$C$2:$C$5987)+COUNTIF($C$2:C17,C17)-1) -> 1533 | U17: =IF(I17="","",RANK(I17,$I$2:$I$5987)+COUNTIF($I$2:I17,I17)-1)
A18: 2MASS J0437+2651 b | B18: Confirmed | C18: 4 | K18: =TRUE() -> TRUE | L18: =FALSE() -> FALSE | M18: =FALSE() -> FALSE | N18: 1.6094379 | T18: =IF(C18="","",RANK(C18,$C$2:$C$5987)+COUNTIF($C$2:C18,C18)-1) -> 258 | U18: =IF(I18="","",RANK(I18,$I$2:$I$5987)+COUNTIF($I$2:I18,I18)-1)
A19: 2MASS J0558-4501 b | B19: Confirmed | C19: 9 | D19: 3 | E19: 3 | K19: =TRUE() -> TRUE | L19: =FALSE() -> FALSE | M19: =FALSE() -> FALSE | N19: 2.3025851 | T19: =IF(C19="","",RANK(C19,$C$2:$C$5987)+COUNTIF($C$2:C19,C19)-1) -> 79 | U19: =IF(I19="","",RANK(I19,$I$2:$I$5987)+COUNTIF($I$2:I19,I19)-1)
A20: 2MASS J1155-7919 b | B20: Confirmed | C20: 10 | K20: =TRUE() -> TRUE | L20: =FALSE() -> FALSE | M20: =FALSE() -> FALSE | N20: 2.3978953 | T20: =IF(C20="","",RANK(C20,$C$2:$C$5987)+COUNTIF($C$2:C20,C20)-1) -> 56 | U20: =IF(I20="","",RANK(I20,$I$2:$I$5987)+COUNTIF($I$2:I20,I20)-1)
A21: 2MASS J1252+2735 b | B21: Confirmed | D21: 0.64 | E21: 0.21 | F21: 6.88 | G21: 0.64 | H21: 0.21 | K21: =FALSE() -> FALSE | L21: =TRUE() -> TRUE | M21: =FALSE() -> FALSE | O21: 2.0643279 | T21: =IF(C21="","",RANK(C21,$C$2:$C$5987)+COUNTIF($C$2:C21,C21)-1) | U21: =IF(I21="","",RANK(I21,$I$2:$I$5987)+COUNTIF($I$2:I21,I21)-1)
A22: 2MASS J1258+2630 b | B22: Confirmed | D22: 0.18 | E22: 0.31 | F22: 3.4 | G22: 0.18 | H22: 0.31 | K22: =FALSE() -> FALSE | L22: =FALSE() -> FALSE | M22: =FALSE() -> FALSE | O22: 1.4816045 | T22: =IF(C22="","",RANK(C22,$C$2:$C$5987)+COUNTIF($C$2:C22,C22)-1) | U22: =IF(I22="","",RANK(I22,$I$2:$I$5987)+COUNTIF($I$2:I22,I22)-1)
A23: 2MASS J2236+4751 b | B23: Confirmed | C23: 12.5 | D23: 1.5 | E23: 1.5 | K23: =TRUE() -> TRUE | L23: =FALSE() -> FALSE | M23: =FALSE() -> FALSE | N23: 2.6026897 | T23: =IF(C23="","",RANK(C23,$C$2:$C$5987)+COUNTIF($C$2:C23,C23)-1) -> 9 | U23: =IF(I23="","",RANK(I23,$I$2:$I$5987)+COUNTIF($I$2:I23,I23)-1)
A24: 38 Vir b | B24: Confirmed | D24: 0.5 | E24: 0.5 | F24: 4.51 | G24: 0.5 | H24: 0.5 | K24: =FALSE() -> FALSE | L24: =FALSE() -> FALSE | M24: =FALSE() -> FALSE | O24: 1.7065646 | T24: =IF(C24="","",RANK(C24,$C$2:$C$5987)+COUNTIF($C$2:C24,C24)-1) | U24: =IF(I24="","",RANK(I24,$I$2:$I$5987)+COUNTIF($I$2:I24,I24)-1)
A25: 41 Com Ab | B25: Confirmed | D25: 1 | E25: 1 | F25: 6.3 | G25: 1 | H25: 1 | K25: =FALSE() -> FALSE | L25: =TRUE() -> TRUE | M25: =FALSE() -> FALSE | O25: 1.9878743 | T25: =IF(C25="","",RANK(C25,$C$2:$C$5987)+COUNTIF($C$2:C25,C25)-1) | U25: =IF(I25="","",RANK(I25,$I$2:$I$5987)+COUNTIF($I$2:I25,I25)-1)
A26: 44 Uma b | B26: Confirmed | D26: 0.85 | E26: 0.2 | F26: 12.11 | G26: 0.85 | H26: 0.2 | K26: =FALSE() -> FALSE | L26: =TRUE() -> TRUE | M26: =FALSE() -> FALSE | O26: 2.5733753 | T26: =IF(C26="","",RANK(C26,$C$2:$C$5987)+COUNTIF($C$2:C26,C26)-1) | U26: =IF(I26="","",RANK(I26,$I$2:$I$5987)+COUNTIF($I$2:I26,I26)-1)
A27: 47 UMa b | B27: Confirmed | D27: 0.06 | E27: 0.07 | F27: 2.53 | G27: 0.06 | H27: 0.07 | K27: =FALSE() -> FALSE | L27: =FALSE() -> FALSE | M27: =FALSE() -> FALSE | O27: 1.2612979 | T27: =IF(C27="","",RANK(C27,$C$2:$C$5987)+COUNTIF($C$2:C27,C27)-1) | U27: =IF(I27="","",RANK(I27,$I$2:$I$5987)+COUNTIF($I$2:I27,I27)-1)
A28: 47 UMa c | B28: Confirmed | D28: 0.073 | E28: 0.066 | F28: 0.54 | G28: 0.073 | H28: 0.066 | K28: =FALSE() -> FALSE | L28: =FALSE() -> FALSE | M28: =FALSE() -> FALSE | O28: 0.43178242 | T28: =IF(C28="","",RANK(C28,$C$2:$C$5987)+COUNTIF($C$2:C28,C28)-1) | U28: =IF(I28="","",RANK(I28,$I$2:$I$5987)+COUNTIF($I$2:I28,I28)-1)
A29: 47 UMa d | B29: Confirmed | D29: 0.48 | E29: 0.29 | F29: 1.64 | G29: 0.48 | H29: 0.29 | K29: =FALSE() -> FALSE | L29: =FALSE() -> FALSE | M29: =FALSE() -> FALSE | O29: 0.97077892 | T29: =IF(C29="","",RANK(C29,$C$2:$C$5987)+COUNTIF($C$2:C29,C29)-1) | U29: =IF(I29="","",RANK(I29,$I$2:$I$5987)+COUNTIF($I$2:I29,I29)-1)
A30: 51 Eri Ab | B30: Confirmed | C30: 4.1 | D30: 0.5 | E30: 0.5 | I30: 1.11 | J30: 0.13 | K30: =TRUE() -> TRUE | L30: =FALSE() -> FALSE | M30: =TRUE() -> TRUE | N30: 1.6292405 | P30: 0.74668795 | T30: =IF(C30="","",RANK(C30,$C$2:$C$5987)+COUNTIF($C$2:C30,C30)-1) -> 251 | U30: =IF(I30="","",RANK(I30,$I$2:$I$5987)+COUNTIF($I$2:I30,I30)-1) -> 501
A31: 51 Peg b | B31: Confirmed | C31: 0.47 | D31: 0.07 | E31: 0.03 | F31: 0.46 | G31: 0.06 | H31: 0.01 | I31: 1.9 | J31: 0.3 | K31: =FALSE() -> FALSE | L31: =FALSE() -> FALSE | M31: =TRUE() -> TRUE | N31: 0.3852624 | O31: 0.37843644 | P31: 1.0647107 | Q31: -0.33936217 | R31: -0.36062496 | S31: 2.0108302 | T31: =IF(C31="","",RANK(C31,$C$2:$C$5987)+COUNTIF($C$2:C31,C31)-1) -> 968 | U31: =IF(I31="","",RANK(I31,$I$2:$I$5987)+COUNTIF($I$2:I31,I31)-1) -> 18
A32: 54 Psc b | B32: Confirmed | C32: 0.23 | D32: 0.013 | E32: 0.297 | F32: 0.228 | G32: 0.011 | H32: 0.011 | K32: =FALSE() -> FALSE | L32: =FALSE() -> FALSE | M32: =FALSE() -> FALSE | N32: 0.20701417 | O32: 0.20538683 | T32: =IF(C32="","",RANK(C32,$C$2:$C$5987)+COUNTIF($C$2:C32,C32)-1) -> 1126 | U32: =IF(I32="","",RANK(I32,$I$2:$I$5987)+COUNTIF($I$2:I32,I32)-1)
A33: 55 Cnc Ab | B33: Confirmed | C33: 0.84 | D33: 0.031 | E33: 0.23 | F33: 0.84 | G33: 0.031 | H33: 0.131 | K33: =FALSE() -> FALSE | L33: =FALSE() -> FALSE | M33: =FALSE() -> FALSE | N33: 0.60976557 | O33: 0.60976557 | T33: =IF(C33="","",RANK(C33,$C$2:$C$5987)+COUNTIF($C$2:C33,C33)-1) -> 743 | U33: =IF(I33="","",RANK(I33,$I$2:$I$5987)+COUNTIF($I$2:I33,I33)-1)
A34: 55 Cnc Ac | B34: Confirmed | D34: 0.0078 | E34: 0.0275 | F34: 0.1784 | G34: 0.0078 | H34: 0.0275 | K34: =FALSE() -> FALSE | L34: =FALSE() -> FALSE | M34: =FALSE() -> FALSE | O34: 0.16415759 | T34: =IF(C34="","",RANK(C34,$C$2:$C$5987)+COUNTIF($C$2:C34,C34)-1) | U34: =IF(I34="","",RANK(I34,$I$2:$I$5987)+COUNTIF($I$2:I34,I34)-1)
A35: 55 Cnc Ad | B35: Confirmed | D35: 0.08 | E35: 0.08 | F35: 3.84 | G35: 0.08 | H35: 0.08 | K35: =FALSE() -> FALSE | L35: =FALSE() -> FALSE | M35: =FALSE() -> FALSE | O35: 1.5769147 | T35: =IF(C35="","",RANK(C35,$C$2:$C$5987)+COUNTIF($C$2:C35,C35)-1) | U35: =IF(I35="","",RANK(I35,$I$2:$I$5987)+COUNTIF($I$2:I35,I35)-1)
A36: 55 Cnc Ae | B36: Confirmed | C36: 0.02703 | D36: 0.00135 | E36: 0.00135 | I36: 0.1737 | J36: 0.00339 | K36: =FALSE() -> FALSE | L36: =FALSE() -> FALSE | M36: =FALSE() -> FALSE | N36: 0.026671142 | P36: 0.16016115 | T36: =IF(C36="","",RANK(C36,$C$2:$C$5987)+COUNTIF($C$2:C36,C36)-1) -> 1603 | U36: =IF(I36="","",RANK(I36,$I$2:$I$5987)+COUNTIF($I$2:I36,I36)-1) -> 2999
A37: 55 Cnc Af | B37: Confirmed | D37: 0.0093 | E37: 0.0219 | F37: 0.1479 | G37: 0.0093 | H37: 0.0219 | K37: =FALSE() -> FALSE | L37: =FALSE() -> FALSE | M37: =FALSE() -> FALSE | O37: 0.13793419 | T37: =IF(C37="","",RANK(C37,$C$2:$C$5987)+COUNTIF($C$2:C37,C37)-1) | U37: =IF(I37="","",RANK(I37,$I$2:$I$5987)+COUNTIF($I$2:I37,I37)-1)
A38: 61 Vir b | B38: Confirmed | D38: 0.0016 | E38: 0.0016 | F38: 0.016 | G38: 0.0016 | H38: 0.0016 | K38: =FALSE() -> FALSE | L38: =FALSE() -> FALSE | M38: =FALSE() -> FALSE | O38: 0.015873349 | T38: =IF(C38="","",RANK(C38,$C$2:$C$5987)+COUNTIF($C$2:C38,C38)-1) | U38: =IF(I38="","",RANK(I38,$I$2:$I$5987)+COUNTIF($I$2:I38,I38)-1)
A39: 61 Vir c | B39: Confirmed | D39: 0.0035 | E39: 0.0035 | F39: 0.0573 | G39: 0.0035 | H39: 0.0035 | K39: =FALSE() -> FALSE | L39: =FALSE() -> FALSE | M39: =FALSE() -> FALSE | O39: 0.055718489 | T39: =IF(C39="","",RANK(C39,$C$2:$C$5987)+COUNTIF($C$2:C39,C39)-1) | U39: =IF(I39="","",RANK(I39,$I$2:$I$5987)+COUNTIF($I$2:I39,I39)-1)
A40: 61 Vir d | B40: Confirmed | D40: 0.008 | E40: 0.008 | F40: 0.072 | G40: 0.008 | H40: 0.008 | K40: =FALSE() -> FALSE | L40: =FALSE() -> FALSE | M40: =FALSE() -> FALSE | O40: 0.069526063 | T40: =IF(C40="","",RANK(C40,$C$2:$C$5987)+COUNTIF($C$2:C40,C40)-1) | U40: =IF(I40="","",RANK(I40,$I$2:$I$5987)+COUNTIF($I$2:I40,I40)-1)
A41: 6 Lyn b | B41: Confirmed | D41: 0.077 | E41: 0.077 | F41: 2.01 | G41: 0.077 | H41: 0.077 | K41: =FALSE() -> FALSE | L41: =FALSE() -> FALSE | M41: =FALSE() -> FALSE | O41: 1.1019401 | T41: =IF(C41="","",RANK(C41,$C$2:$C$5987)+COUNTIF($C$2:C41,C41)-1) | U41: =IF(I41="","",RANK(I41,$I$2:$I$5987)+COUNTIF($I$2:I41,I41)-1)
A42: 70 Vir Ab | B42: Confirmed | F42: 6.6 | K42: =FALSE() -> FALSE | L42: =TRUE() -> TRUE | M42: =FALSE() -> FALSE | O42: 2.0281482 | T42: =IF(C42="","",RANK(C42,$C$2:$C$5987)+COUNTIF($C$2:C42,C42)-1) | U42: =IF(I42="","",RANK(I42,$I$2:$I$5987)+COUNTIF($I$2:I42,I42)-1)
A43: 75 Cet Ab | B43: Confirmed | D43: 0.09 | E43: 0.07 | F43: 2.48 | G43: 0.09 | H43: 0.07 | K43: =FALSE() -> FALSE | L43: =FALSE() -> FALSE | M43: =FALSE() -> FALSE | O43: 1.2470323 | T43: =IF(C43="","",RANK(C43,$C$2:$C$5987)+COUNTIF($C$2:C43,C43)-1) | U43: =IF(I43="","",RANK(I43,$I$2:$I$5987)+COUNTIF($I$2:I43,I43)-1)
A44: 75 Cet Ac | B44: Confirmed | D44: 0.09 | E44: 0.09 | F44: 0.91 | G44: 0.09 | H44: 0.09 | K44: =FALSE() -> FALSE | L44: =FALSE() -> FALSE | M44: =FALSE() -> FALSE | O44: 0.64710324 | T44: =IF(C44="","",RANK(C44,$C$2:$C$5987)+COUNTIF($C$2:C44,C44)-1) | U44: =IF(I44="","",RANK(I44,$I$2:$I$5987)+COUNTIF($I$2:I44,I44)-1)
A45: 79 Cet Ab | B45: Confirmed | D45: 0.03 | E45: 0.03 | F45: 0.215 | G45: 0.03 | H45: 0.03 | K45: =FALSE() -> FALSE | L45: =FALSE() -> FALSE | M45: =FALSE() -> FALSE | O45: 0.19474408 | T45: =IF(C45="","",RANK(C45,$C$2:$C$5987)+COUNTIF($C$2:C45,C45)-1) | U45: =IF(I45="","",RANK(I45,$I$2:$I$5987)+COUNTIF($I$2:I45,I45)-1)
A46: 81 Cet b | B46: Confirmed | F46: 5.3 | K46: =FALSE() -> FALSE | L46: =FALSE() -> FALSE | M46: =FALSE() -> FALSE | O46: 1.8405496 | T46: =IF(C46="","",RANK(C46,$C$2:$C$5987)+COUNTIF($C$2:C46,C46)-1) | U46: =IF(I46="","",RANK(I46,$I$2:$I$5987)+COUNTIF($I$2:I46,I46)-1)
A47: 82 Eri b | B47: Confirmed | D47: 0.00053 | E47: 0.00053 | F47: 0.00676 | G47: 0.00053 | H47: 0.00053 | K47: =FALSE() -> FALSE | L47: =FALSE() -> FALSE | M47: =FALSE() -> FALSE | O47: 0.0067372537 | T47: =IF(C47="","",RANK(C47,$C$2:$C$5987)+COUNTIF($C$2:C47,C47)-1) | U47: =IF(I47="","",RANK(I47,$I$2:$I$5987)+COUNTIF($I$2:I47,I47)-1)
A48: 82 Eri c | B48: Confirmed | D48: 0.0025 | E48: 0.0016 | F48: 0.00793 | G48: 0.0025 | H48: 0.0016 | K48: =FALSE() -> FALSE | L48: =FALSE() -> FALSE | M48: =FALSE() -> FALSE | O48: 0.0078987228 | T48: =IF(C48="","",RANK(C48,$C$2:$C$5987)+COUNTIF($C$2:C48,C48)-1) | U48: =IF(I48="","",RANK(I48,$I$2:$I$5987)+COUNTIF($I$2:I48,I48)-1)
A49: 82 Eri d | B49: Confirmed | D49: 0.00179 | E49: 0.00179 | F49: 0.01831 | G49: 0.00179 | H49: 0.00179 | K49: =FALSE() -> FALSE | L49: =FALSE() -> FALSE | M49: =FALSE() -> FALSE | O49: 0.01814439 | T49: =IF(C49="","",RANK(C49,$C$2:$C$5987)+COUNTIF($C$2:C49,C49)-1) | U49: =IF(I49="","",RANK(I49,$I$2:$I$5987)+COUNTIF($I$2:I49,I49)-1)
A50: 82 Eri e | B50: Confirmed | D50: 0.00271 | E50: 0.00302 | F50: 0.01501 | G50: 0.00271 | H50: 0.00302 | K50: =FALSE() -> FALSE | L50: =FALSE() -> FALSE | M50: =FALSE() -> FALSE | O50: 0.014898465 | T50: =IF(C50="","",RANK(C50,$C$2:$C$5987)+COUNTIF($C$2:C50,C50)-1) | U50: =IF(I50="","",RANK(I50,$I$2:$I$5987)+COUNTIF($I$2:I50,I50)-1)
A51: 8 Umi b | B51: Confirmed | D51: 0.06 | E51: 0.06 | F51: 1.65 | G51: 0.06 | H51: 0.06 | K51: =FALSE() -> FALSE | L51: =FALSE() -> FALSE | M51: =FALSE() -> FALSE | O51: 0.97455964 | T51: =IF(C51="","",RANK(C51,$C$2:$C$5987)+COUNTIF($C$2:C51,C51)-1) | U51: =IF(I51="","",RANK(I51,$I$2:$I$5987)+COUNTIF($I$2:I51,I51)-1)
A52: 94 Cet Ab | B52: Confirmed | D52: 0.12 | E52: 0.12 | F52: 1.37 | G52: 0.12 | H52: 0.12 | K52: =FALSE() -> FALSE | L52: =FALSE() -> FALSE | M52: =FALSE() -> FALSE | O52: 0.86288996 | T52: =IF(C52="","",RANK(C52,$C$2:$C$5987)+COUNTIF($C$2:C52,C52)-1) | U52: =IF(I52="","",RANK(I52,$I$2:$I$5987)+COUNTIF($I$2:I52,I52)-1)
A53: AB Aur b | B53: Confirmed | C53: 9 | D53: 15 | E53: 17 | K53: =TRUE() -> TRUE | L53: =FALSE() -> FALSE | M53: =FALSE() -> FALSE | N53: 2.3025851 | T53: =IF(C53="","",RANK(C53,$C$2:$C$5987)+COUNTIF($C$2:C53,C53)-1) -> 80 | U53: =IF(I53="","",RANK(I53,$I$2:$I$5987)+COUNTIF($I$2:I53,I53)-1)
A54: AB Pic c | B54: Confirmed | C54: 5.75 | D54: 3.25 | E54: 3.25 | K54: =TRUE() -> TRUE | L54: =FALSE() -> FALSE | M54: =FALSE() -> FALSE | N54: 1.9095425 | T54: =IF(C54="","",RANK(C54,$C$2:$C$5987)+COUNTIF($C$2:C54,C54)-1) -> 184 | U54: =IF(I54="","",RANK(I54,$I$2:$I$5987)+COUNTIF($I$2:I54,I54)-1)
A55: AF Lep b | B55: Confirmed | C55: 3.75 | D55: 0.5 | E55: 0.5 | I55: 1.3 | J55: 0.15 | K55: =TRUE() -> TRUE | L55: =FALSE() -> FALSE | M55: =TRUE() -> TRUE | N55: 1.5581446 | P55: 0.83290912 | T55: =IF(C55="","",RANK(C55,$C$2:$C$5987)+COUNTIF($C$2:C55,C55)-1) -> 271 | U55: =IF(I55="","",RANK(I55,$I$2:$I$5987)+COUNTIF($I$2:I55,I55)-1) -> 248
A56: alf Ari b | B56: Confirmed | D56: 0.2 | E56: 0.2 | F56: 1.8 | G56: 0.2 | H56: 0.2 | K56: =FALSE() -> FALSE | L56: =FALSE() -> FALSE | M56: =FALSE() -> FALSE | O56: 1.0296194 | T56: =IF(C56="","",RANK(C56,$C$2:$C$5987)+COUNTIF($C$2:C56,C56)-1) | U56: =IF(I56="","",RANK(I56,$I$2:$I$5987)+COUNTIF($I$2:I56,I56)-1)
A57: AT2021uey b | B57: Confirmed | C57: 1.34 | D57: 0.5 | E57: 0.45 | K57: =FALSE() -> FALSE | L57: =FALSE() -> FALSE | M57: =FALSE() -> FALSE | N57: 0.85015093 | T57: =IF(C57="","",RANK(C57,$C$2:$C$5987)+COUNTIF($C$2:C57,C57)-1) -> 549 | U57: =IF(I57="","",RANK(I57,$I$2:$I$5987)+COUNTIF($I$2:I57,I57)-1)
A58: AU Mic b | B58: Confirmed | C58: 0.028 | D58: 0.0084 | E58: 0.0082 | I58: 0.4273 | J58: 0.027 | K58: =FALSE() -> FALSE | L58: =FALSE() -> FALSE | M58: =FALSE() -> FALSE | N58: 0.027615167 | P58: 0.35578455 | T58: =IF(C58="","",RANK(C58,$C$2:$C$5987)+COUNTIF($C$2:C58,C58)-1) -> 1583 | U58: =IF(I58="","",RANK(I58,$I$2:$I$5987)+COUNTIF($I$2:I58,I58)-1) -> 1081
A59: AU Mic c | B59: Confirmed | C59: 0.0456 | D59: 0.0107 | E59: 0.0107 | I59: 0.2248 | J59: 0.0223 | K59: =FALSE() -> FALSE | L59: =FALSE() -> FALSE | M59: =FALSE() -> FALSE | N59: 0.044590883 | P59: 0.20277757 | T59: =IF(C59="","",RANK(C59,$C$2:$C$5987)+COUNTIF($C$2:C59,C59)-1) -> 1428 | U59: =IF(I59="","",RANK(I59,$I$2:$I$5987)+COUNTIF($I$2:I59,I59)-1) -> 2189
A60: AU Mic d | B60: Confirmed | C60: 0.003187 | D60: 0.000459 | E60: 0.000459 | K60: =FALSE() -> FALSE | L60: =FALSE() -> FALSE | M60: =FALSE() -> FALSE | N60: 0.0031819323 | T60: =IF(C60="","",RANK(C60,$C$2:$C$5987)+COUNTIF($C$2:C60,C60)-1) -> 2050 | U60: =IF(I60="","",RANK(I60,$I$2:$I$5987)+COUNTIF($I$2:I60,I60)-1)
A61: Barnard's star b | B61: Confirmed | D61: 8.2e-05 | E61: 8.2e-05 | F61: 0.000941 | G61: 8.2e-05 | H61: 8.2e-05 | K61: =FALSE() -> FALSE | L61: =FALSE() -> FALSE | M61: =FALSE() -> FALSE | O61: 0.00094055754 | T61: =IF(C61="","",RANK(C61,$C$2:$C$5987)+COUNTIF($C$2:C61,C61)-1) | U61: =IF(I61="","",RANK(I61,$I$2:$I$5987)+COUNTIF($I$2:I61,I61)-1)
A62: Barnard's star c | B62: Confirmed | D62: 9e-05 | E62: 9e-05 | F62: 0.001054 | G62: 9e-05 | H62: 9e-05 | K62: =FALSE() -> FALSE | L62: =FALSE() -> FALSE | M62: =FALSE() -> FALSE | O62: 0.0010534449 | T62: =IF(C62="","",RANK(C62,$C$2:$C$5987)+COUNTIF($C$2:C62,C62)-1) | U62: =IF(I62="","",RANK(I62,$I$2:$I$5987)+COUNTIF($I$2:I62,I62)-1)
A63: Barnard's star d | B63: Confirmed | D63: 7.6e-05 | E63: 7.6e-05 | F63: 0.000827 | G63: 7.6e-05 | H63: 7.6e-05 | K63: =FALSE() -> FALSE | L63: =FALSE() -> FALSE | M63: =FALSE() -> FALSE | O63: 0.00082665822 | T63: =IF(C63="","",RANK(C63,$C$2:$C$5987)+COUNTIF($C$2:C63,C63)-1) | U63: =IF(I63="","",RANK(I63,$I$2:$I$5987)+COUNTIF($I$2:I63,I63)-1)
A64: Barnard's star e | B64: Confirmed | D64: 9e-05 | E64: 9e-05 | F64: 0.0006 | G64: 9e-05 | H64: 9e-05 | K64: =FALSE() -> FALSE | L64: =FALSE() -> FALSE | M64: =FALSE() -> FALSE | O64: 0.00059982007 | T64: =IF(C64="","",RANK(C64,$C$2:$C$5987)+COUNTIF($C$2:C64,C64)-1) | U64: =IF(I64="","",RANK(I64,$I$2:$I$5987)+COUNTIF($I$2:I64,I64)-1)
A65: b Cen (AB)b | B65: Confirmed | C65: 10.9 | D65: 1.6 | E65: 1.6 | K65: =TRUE() -> TRUE | L65: =FALSE() -> FALSE | M65: =FALSE() -> FALSE | N65: 2.4765384 | T65: =IF(C65="","",RANK(C65,$C$2:$C$5987)+COUNTIF($C$2:C65,C65)-1) -> 40 | U65: =IF(I65="","",RANK(I65,$I$2:$I$5987)+COUNTIF($I$2:I65,I65)-1)
A66: BD+03 2562 b | B66: Confirmed | D66: 1.3 | E66: 1.3 | F66: 6.4 | G66: 1.3 | H66: 1.3 | K66: =FALSE() -> FALSE | L66: =TRUE() -> TRUE | M66: =FALSE() -> FALSE | O66: 2.00148 | T66: =IF(C66="","",RANK(C66,$C$2:$C$5987)+COUNTIF($C$2:C66,C66)-1) | U66: =IF(I66="","",RANK(I66,$I$2:$I$5987)+COUNTIF($I$2:I66,I66)-1)
A67: BD-06 1339 c | B67: Confirmed | D67: 0.03 | E67: 0.03 | F67: 0.17 | G67: 0.03 | H67: 0.03 | K67: =FALSE() -> FALSE | L67: =FALSE() -> FALSE | M67: =FALSE() -> FALSE | O67: 0.15700375 | T67: =IF(C67="","",RANK(C67,$C$2:$C$5987)+COUNTIF($C$2:C67,C67)-1) | U67: =IF(I67="","",RANK(I67,$I$2:$I$5987)+COUNTIF($I$2:I67,I67)-1)
A68: BD-06 1339 d | B68: Confirmed | D68: 0.0296 | E68: 0.0365 | F68: 0.0582 | G68: 0.0296 | H68: 0.0365 | K68: =FALSE() -> FALSE | L68: =FALSE() -> FALSE | M68: =FALSE() -> FALSE | O68: 0.056569351 | T68: =IF(C68="","",RANK(C68,$C$2:$C$5987)+COUNTIF($C$2:C68,C68)-1) | U68: =IF(I68="","",RANK(I68,$I$2:$I$5987)+COUNTIF($I$2:I68,I68)-1)
A69: BD-06 1339 e | B69: Confirmed | D69: 0.0044 | E69: 0.0047 | F69: 0.0104 | G69: 0.0044 | H69: 0.0047 | K69: =FALSE() -> FALSE | L69: =FALSE() -> FALSE | M69: =FALSE() -> FALSE | O69: 0.010346292 | T69: =IF(C69="","",RANK(C69,$C$2:$C$5987)+COUNTIF($C$2:C69,C69)-1) | U69: =IF(I69="","",RANK(I69,$I$2:$I$5987)+COUNTIF($I$2:I69,I69)-1)
A70: BD-08 2823 b | B70: Confirmed | D70: 0.007 | E70: 0.007 | F70: 0.045 | G70: 0.007 | H70: 0.007 | K70: =FALSE() -> FALSE | L70: =FALSE() -> FALSE | M70: =FALSE() -> FALSE | O70: 0.044016885 | T70: =IF(C70="","",RANK(C70,$C$2:$C$5987)+COUNTIF($C$2:C70,C70)-1) | U70: =IF(I70="","",RANK(I70,$I$2:$I$5987)+COUNTIF($I$2:I70,I70)-1)
A71: BD-08 2823 c | B71: Confirmed | D71: 0.03 | E71: 0.03 | F71: 0.33 | G71: 0.03 | H71: 0.03 | K71: =FALSE() -> FALSE | L71: =FALSE() -> FALSE | M71: =FALSE() -> FALSE | O71: 0.28517894 | T71: =IF(C71="","",RANK(C71,$C$2:$C$5987)+COUNTIF($C$2:C71,C71)-1) | U71: =IF(I71="","",RANK(I71,$I$2:$I$5987)+COUNTIF($I$2:I71,I71)-1)
A72: BD-10 3166 b | B72: Confirmed | F72: 0.46 | I72: 1.03 | K72: =FALSE() -> FALSE | L72: =FALSE() -> FALSE | M72: =TRUE() -> TRUE | O72: 0.37843644 | P72: 0.70803579 | T72: =IF(C72="","",RANK(C72,$C$2:$C$5987)+COUNTIF($C$2:C72,C72)-1) | U72: =IF(I72="","",RANK(I72,$I$2:$I$5987)+COUNTIF($I$2:I72,I72)-1) -> 625
A73: BD-11 4672 b | B73: Confirmed | D73: 0.05 | E73: 0.05 | F73: 0.65 | G73: 0.05 | H73: 0.05 | K73: =FALSE() -> FALSE | L73: =FALSE() -> FALSE | M73: =FALSE() -> FALSE | O73: 0.50077529 | T73: =IF(C73="","",RANK(C73,$C$2:$C$5987)+COUNTIF($C$2:C73,C73)-1) | U73: =IF(I73="","",RANK(I73,$I$2:$I$5987)+COUNTIF($I$2:I73,I73)-1)
A74: BD-11 4672 c | B74: Confirmed | D74: 0.0066 | E74: 0.009 | F74: 0.04836 | G74: 0.0066 | H74: 0.009 | K74: =FALSE() -> FALSE | L74: =FALSE() -> FALSE | M74: =FALSE() -> FALSE | O74: 0.047227038 | T74: =IF(C74="","",RANK(C74,$C$2:$C$5987)+COUNTIF($C$2:C74,C74)-1) | U74: =IF(I74="","",RANK(I74,$I$2:$I$5987)+COUNTIF($I$2:I74,I74)-1)
A75: BD+14 4559 b | B75: Confirmed | F75: 1.47 | K75: =FALSE() -> FALSE | L75: =FALSE() -> FALSE | M75: =FALSE() -> FALSE | O75: 0.90421815 | T75: =IF(C75="","",RANK(C75,$C$2:$C$5987)+COUNTIF($C$2:C75,C75)-1) | U75: =IF(I75="","",RANK(I75,$I$2:$I$5987)+COUNTIF($I$2:I75,I75)-1)
A76: BD+15 2375 b | B76: Confirmed | D76: 0.27 | E76: 0.27 | F76: 1.06 | G76: 0.27 | H76: 0.27 | K76: =FALSE() -> FALSE | L76: =FALSE() -> FALSE | M76: =FALSE() -> FALSE | O76: 0.72270598 | T76: =IF(C76="","",RANK(C76,$C$2:$C$5987)+COUNTIF($C$2:C76,C76)-1) | U76: =IF(I76="","",RANK(I76,$I$2:$I$5987)+COUNTIF($I$2:I76,I76)-1)
A77: BD+15 2940 b | B77: Confirmed | F77: 1.11 | K77: =FALSE() -> FALSE | L77: =FALSE() -> FALSE | M77: =FALSE() -> FALSE | O77: 0.74668795 | T77: =IF(C77="","",RANK(C77,$C$2:$C$5987)+COUNTIF($C$2:C77,C77)-1) | U77: =IF(I77="","",RANK(I77,$I$2:$I$5987)+COUNTIF($I$2:I77,I77)-1)
A78: BD-17 63 b | B78: Confirmed | C78: 5.325 | D78: 0.036 | E78: 0.036 | F78: 5.1 | G78: 0.12 | H78: 0.12 | K78: =TRUE() -> TRUE | L78: =FALSE() -> FALSE | M78: =FALSE() -> FALSE | N78: 1.84451 | O78: 1.8082888 | T78: =IF(C78="","",RANK(C78,$C$2:$C$5987)+COUNTIF($C$2:C78,C78)-1) -> 198 | U78: =IF(I78="","",RANK(I78,$I$2:$I$5987)+COUNTIF($I$2:I78,I78)-1)
A79: BD+20 2457 c | B79: Confirmed | F79: 12.47 | K79: =FALSE() -> FALSE | L79: =TRUE() -> TRUE | M79: =FALSE() -> FALSE | O79: 2.600465 | T79: =IF(C79="","",RANK(C79,$C$2:$C$5987)+COUNTIF($C$2:C79,C79)-1) | U79: =IF(I79="","",RANK(I79,$I$2:$I$5987)+COUNTIF($I$2:I79,I79)-1)
A80: BD+20 274 b | B80: Confirmed | F80: 4.2 | K80: =FALSE() -> FALSE | L80: =FALSE() -> FALSE | M80: =FALSE() -> FALSE | O80: 1.6486586 | T80: =IF(C80="","",RANK(C80,$C$2:$C$5987)+COUNTIF($C$2:C80,C80)-1) | U80: =IF(I80="","",RANK(I80,$I$2:$I$5987)+COUNTIF($I$2:I80,I80)-1)
A81: BD+20 594 b | B81: Confirmed | C81: 0.07 | D81: 0.03 | E81: 0.03 | F81: 0.0513 | G81: 0.019 | H81: 0.019 | I81: 0.23 | J81: 0.01 | K81: =FALSE() -> FALSE | L81: =FALSE() -> FALSE | M81: =FALSE() -> FALSE | N81: 0.067658648 | O81: 0.050027494 | P81: 0.20701417 | Q81: -0.58504945 | R81: -0.61991938 | S81: -1.1137714 | T81: =IF(C81="","",RANK(C81,$C$2:$C$5987)+COUNTIF($C$2:C81,C81)-1) -> 1322 | U81: =IF(I81="","",RANK(I81,$I$2:$I$5987)+COUNTIF($I$2:I81,I81)-1) -> 2106
A82: BD-21 397 c | B82: Confirmed | C82: 4.8 | D82: 0.6 | E82: 0.6 | K82: =TRUE() -> TRUE | L82: =FALSE() -> FALSE | M82: =FALSE() -> FALSE | N82: 1.7578579 | T82: =IF(C82="","",RANK(C82,$C$2:$C$5987)+COUNTIF($C$2:C82,C82)-1) -> 219 | U82: =IF(I82="","",RANK(I82,$I$2:$I$5987)+COUNTIF($I$2:I82,I82)-1)
A83: BD+45 564 b | B83: Confirmed | D83: 0.12 | E83: 0.12 | F83: 1.36 | G83: 0.12 | H83: 0.12 | K83: =FALSE() -> FALSE | L83: =FALSE() -> FALSE | M83: =FALSE() -> FALSE | O83: 0.85866162 | T83: =IF(C83="","",RANK(C83,$C$2:$C$5987)+COUNTIF($C$2:C83,C83)-1) | U83: =IF(I83="","",RANK(I83,$I$2:$I$5987)+COUNTIF($I$2:I83,I83)-1)
A84: BD+48 738 b | B84: Confirmed | F84: 0.91 | K84: =FALSE() -> FALSE | L84: =FALSE() -> FALSE | M84: =FALSE() -> FALSE | O84: 0.64710324 | T84: =IF(C84="","",RANK(C84,$C$2:$C$5987)+COUNTIF($C$2:C84,C84)-1) | U84: =IF(I84="","",RANK(I84,$I$2:$I$5987)+COUNTIF($I$2:I84,I84)-1)
A85: BD+48 740 b | B85: Confirmed | D85: 0.7 | E85: 0.7 | F85: 1.7 | G85: 0.7 | H85: 0.7 | K85: =FALSE() -> FALSE | L85: =FALSE() -> FALSE | M85: =FALSE() -> FALSE | O85: 0.99325177 | T85: =IF(C85="","",RANK(C85,$C$2:$C$5987)+COUNTIF($C$2:C85,C85)-1) | U85: =IF(I85="","",RANK(I85,$I$2:$I$5987)+COUNTIF($I$2:I85,I85)-1)
A86: BD+49 828 b | B86: Confirmed | D86: 0.2 | E86: 0.4 | F86: 1.6 | G86: 0.2 | H86: 0.4 | K86: =FALSE() -> FALSE | L86: =FALSE() -> FALSE | M86: =FALSE() -> FALSE | O86: 0.95551145 | T86: =IF(C86="","",RANK(C86,$C$2:$C$5987)+COUNTIF($C$2:C86,C86)-1) | U86: =IF(I86="","",RANK(I86,$I$2:$I$5987)+COUNTIF($I$2:I86,I86)-1)
A87: BD+55 362 b | B87: Confirmed | D87: 0.08 | E87: 0.08 | F87: 0.72 | G87: 0.08 | H87: 0.08 | K87: =FALSE() -> FALSE | L87: =FALSE() -> FALSE | M87: =FALSE() -> FALSE | O87: 0.54232429 | T87: =IF(C87="","",RANK(C87,$C$2:$C$5987)+COUNTIF($C$2:C87,C87)-1) | U87: =IF(I87="","",RANK(I87,$I$2:$I$5987)+COUNTIF($I$2:I87,I87)-1)
A88: BD+63 1405 Ab | B88: Confirmed | D88: 0.31 | E88: 0.31 | F88: 3.96 | G88: 0.31 | H88: 0.31 | K88: =FALSE() -> FALSE | L88: =FALSE() -> FALSE | M88: =FALSE() -> FALSE | O88: 1.6014057 | T88: =IF(C88="","",RANK(C88,$C$2:$C$5987)+COUNTIF($C$2:C88,C88)-1) | U88: =IF(I88="","",RANK(I88,$I$2:$I$5987)+COUNTIF($I$2:I88,I88)-1)
A89: BEBOP-3 (AB)b | B89: Confirmed | D89: 0.048 | E89: 0.051 | F89: 0.558 | G89: 0.048 | H89: 0.051 | K89: =FALSE() -> FALSE | L89: =FALSE() -> FALSE | M89: =FALSE() -> FALSE | O89: 0.44340295 | T89: =IF(C89="","",RANK(C89,$C$2:$C$5987)+COUNTIF($C$2:C89,C89)-1) | U89: =IF(I89="","",RANK(I89,$I$2:$I$5987)+COUNTIF($I$2:I89,I89)-1)
A90: beta Cnc Ab | B90: Confirmed | D90: 0.8 | E90: 0.8 | F90: 7.8 | G90: 0.8 | H90: 0.8 | K90: =FALSE() -> FALSE | L90: =TRUE() -> TRUE | M90: =FALSE() -> FALSE | O90: 2.1747517 | T90: =IF(C90="","",RANK(C90,$C$2:$C$5987)+COUNTIF($C$2:C90,C90)-1) | U90: =IF(I90="","",RANK(I90,$I$2:$I$5987)+COUNTIF($I$2:I90,I90)-1)
A91: beta Pic b | B91: Confirmed | C91: 11.9 | D91: 3.04 | E91: 2.93 | I91: 1.65 | J91: 0.06 | K91: =TRUE() -> TRUE | L91: =FALSE() -> FALSE | M91: =TRUE() -> TRUE | N91: 2.5572273 | P91: 0.97455964 | T91: =IF(C91="","",RANK(C91,$C$2:$C$5987)+COUNTIF($C$2:C91,C91)-1) -> 20 | U91: =IF(I91="","",RANK(I91,$I$2:$I$5987)+COUNTIF($I$2:I91,I91)-1) -> 59
A92: beta Pic c | B92: Confirmed | C92: 8.89 | D92: 0.75 | E92: 0.75 | F92: 8.5 | G92: 0.5 | H92: 0.5 | I92: 1.2 | J92: 0.1 | K92: =TRUE() -> TRUE | L92: =TRUE() -> TRUE | M92: =TRUE() -> TRUE | N92: 2.2915241 | O92: 2.2512918 | P92: 0.78845736 | Q92: 4.8323552 | R92: 4.740249 | S92: 0.70111696 | T92: =IF(C92="","",RANK(C92,$C$2:$C$5987)+COUNTIF($C$2:C92,C92)-1) -> 85 | U92: =IF(I92="","",RANK(I92,$I$2:$I$5987)+COUNTIF($I$2:I92,I92)-1) -> 380
A93: beta Umi b | B93: Confirmed | D93: 1 | E93: 1 | F93: 6.1 | G93: 1 | H93: 1 | K93: =FALSE() -> FALSE | L93: =TRUE() -> TRUE | M93: =FALSE() -> FALSE | O93: 1.9600948 | T93: =IF(C93="","",RANK(C93,$C$2:$C$5987)+COUNTIF($C$2:C93,C93)-1) | U93: =IF(I93="","",RANK(I93,$I$2:$I$5987)+COUNTIF($I$2:I93,I93)-1)
A94: CD Cet b | B94: Confirmed | C94: 0.01244 | D94: 0.00136 | F94: 0.01243 | G94: 0.00135 | H94: 0.00135 | K94: =FALSE() -> FALSE | L94: =FALSE() -> FALSE | M94: =FALSE() -> FALSE | N94: 0.012363259 | O94: 0.012353382 | T94: =IF(C94="","",RANK(C94,$C$2:$C$5987)+COUNTIF($C$2:C94,C94)-1) -> 1884 | U94: =IF(I94="","",RANK(I94,$I$2:$I$5987)+COUNTIF($I$2:I94,I94)-1)
A95: CFHTWIR-Oph 98 b | B95: Confirmed | C95: 7.8 | D95: 0.8 | E95: 0.8 | I95: 1.86 | J95: 0.05 | K95: =TRUE() -> TRUE | L95: =FALSE() -> FALSE | M95: =TRUE() -> TRUE | N95: 2.1747517 | P95: 1.0508216 | T95: =IF(C95="","",RANK(C95,$C$2:$C$5987)+COUNTIF($C$2:C95,C95)-1) -> 116 | U95: =IF(I95="","",RANK(I95,$I$2:$I$5987)+COUNTIF($I$2:I95,I95)-1) -> 24
A96: chi Sco b | B96: Confirmed | D96: 0.12 | E96: 0.15 | F96: 4.32 | G96: 0.12 | H96: 0.15 | K96: =FALSE() -> FALSE | L96: =FALSE() -> FALSE | M96: =FALSE() -> FALSE | O96: 1.6714733 | T96: =IF(C96="","",RANK(C96,$C$2:$C$5987)+COUNTIF($C$2:C96,C96)-1) | U96: =IF(I96="","",RANK(I96,$I$2:$I$5987)+COUNTIF($I$2:I96,I96)-1)
A97: chi Vir b | B97: Confirmed | D97: 1 | E97: 1 | F97: 11.09 | G97: 1 | H97: 1 | K97: =FALSE() -> FALSE | L97: =TRUE() -> TRUE | M97: =FALSE() -> FALSE | O97: 2.4923787 | T97: =IF(C97="","",RANK(C97,$C$2:$C$5987)+COUNTIF($C$2:C97,C97)-1) | U97: =IF(I97="","",RANK(I97,$I$2:$I$5987)+COUNTIF($I$2:I97,I97)-1)
A98: chi Vir c | B98: Confirmed | D98: 0.4 | E98: 0.4 | F98: 3.1 | G98: 0.4 | H98: 0.4 | K98: =FALSE() -> FALSE | L98: =FALSE() -> FALSE | M98: =FALSE() -> FALSE | O98: 1.410987 | T98: =IF(C98="","",RANK(C98,$C$2:$C$5987)+COUNTIF($C$2:C98,C98)-1) | U98: =IF(I98="","",RANK(I98,$I$2:$I$5987)+COUNTIF($I$2:I98,I98)-1)
A99: CHXR 73 Ab | B99: Confirmed | C99: 12 | D99: 5 | E99: 8 | K99: =TRUE() -> TRUE | L99: =FALSE() -> FALSE | M99: =FALSE() -> FALSE | N99: 2.5649494 | T99: =IF(C99="","",RANK(C99,$C$2:$C$5987)+COUNTIF($C$2:C99,C99)-1) -> 14 | U99: =IF(I99="","",RANK(I99,$I$2:$I$5987)+COUNTIF($I$2:I99,I99)-1)
A100: CI Tau c | B100: Confirmed | D100: 0.3 | E100: 0.3 | F100: 3.6 | G100: 0.3 | H100: 0.3 | K100: =FALSE() -> FALSE | L100: =FALSE() -> FALSE | M100: =FALSE() -> FALSE | O100: 1.5260563 | T100: =IF(C100="","",RANK(C100,$C$2:$C$5987)+COUNTIF($C$2:C100,C100)-1) | U100: =IF(I100="","",RANK(I100,$I$2:$I$5987)+COUNTIF($I$2:I100,I100)-1)
...

Sheet Summary Statistics
A1: Descriptive Statistics — Mass, Mass·sin(i) & Radius (Jupiter Units)
A3: Metric | B3: Mass (Mj) | C3: Mass·sin(i) (Mj) | D3: Radius (Rj)
A4: Count (non-null) | B4: =COUNT('Cleaned Data'!$C$2:$C$5987) -> 2079 | C4: =COUNT('Cleaned Data'!$F$2:$F$5987) -> 1202 | D4: =COUNT('Cleaned Data'!$I$2:$I$5987) -> 4568
A5: Mean | B5: =AVERAGE('Cleaned Data'!$C$2:$C$5987) -> 1.4925385 | C5: =AVERAGE('Cleaned Data'!$F$2:$F$5987) -> 1.9835288 | D5: =AVERAGE('Cleaned Data'!$I$2:$I$5987) -> 0.40151504
A6: Median | B6: =MEDIAN('Cleaned Data'!$C$2:$C$5987) -> 0.37 | C6: =MEDIAN('Cleaned Data'!$F$2:$F$5987) -> 0.7315 | D6: =MEDIAN('Cleaned Data'!$I$2:$I$5987) -> 0.219
A7: Std. Deviation | B7: =STDEV('Cleaned Data'!$C$2:$C$5987) -> 2.6022857 | C7: =STDEV('Cleaned Data'!$F$2:$F$5987) -> 3.1997172 | D7: =STDEV('Cleaned Data'!$I$2:$I$5987) -> 0.43060129
A8: Variance | B8: =VAR('Cleaned Data'!$C$2:$C$5987) -> 6.7718907 | C8: =VAR('Cleaned Data'!$F$2:$F$5987) -> 10.23819 | D8: =VAR('Cleaned Data'!$I$2:$I$5987) -> 0.18541747
A9: Minimum | B9: =MIN('Cleaned Data'!$C$2:$C$5987) -> 0.00019 | C9: =MIN('Cleaned Data'!$F$2:$F$5987) -> 0.00047 | D9: =MIN('Cleaned Data'!$I$2:$I$5987) -> 0.02543
A10: 1st Quartile (Q1) | B10: =QUARTILE('Cleaned Data'!$C$2:$C$5987,1) -> 0.029655 | C10: =QUARTILE('Cleaned Data'!$F$2:$F$5987,1) -> 0.045 | D10: =QUARTILE('Cleaned Data'!$I$2:$I$5987,1) -> 0.145
A11: 3rd Quartile (Q3) | B11: =QUARTILE('Cleaned Data'!$C$2:$C$5987,3) -> 1.4665 | C11: =QUARTILE('Cleaned Data'!$F$2:$F$5987,3) -> 2.4 | D11: =QUARTILE('Cleaned Data'!$I$2:$I$5987,3) -> 0.384
A12: Maximum | B12: =MAX('Cleaned Data'!$C$2:$C$5987) -> 12.934 | C12: =MAX('Cleaned Data'!$F$2:$F$5987) -> 50 | D12: =MAX('Cleaned Data'!$I$2:$I$5987) -> 6.9
A13: Range | B13: =MAX('Cleaned Data'!$C$2:$C$5987)-MIN('Cleaned Data'!$C$2:$C$5987) -> 12.93381 | C13: =MAX('Cleaned Data'!$F$2:$F$5987)-MIN('Cleaned Data'!$F$2:$F$5987) -> 49.99953 | D13: =MAX('Cleaned Data'!$I$2:$I$5987)-MIN('Cleaned Data'!$I$2:$I$5987) -> 6.87457
A14: Interquartile Range | B14: =QUARTILE('Cleaned Data'!$C$2:$C$5987,3)-QUARTILE('Cleaned Data'!$C$2:$C$5987,1) -> 1.436845 | C14: =QUARTILE('Cleaned Data'!$F$2:$F$5987,3)-QUARTILE('Cleaned Data'!$F$2:$F$5987,1) -> 2.355 | D14: =QUARTILE('Cleaned Data'!$I$2:$I$5987,3)-QUARTILE('Cleaned Data'!$I$2:$I$5987,1) -> 0.239
A15: Coeff. of Variation (%) | B15: =STDEV('Cleaned Data'!$C$2:$C$5987)/AVERAGE('Cleaned Data'!$C$2:$C$5987)*100 -> 174.353 | C15: =STDEV('Cleaned Data'!$F$2:$F$5987)/AVERAGE('Cleaned Data'!$F$2:$F$5987)*100 -> 161.31438 | D15: =STDEV('Cleaned Data'!$I$2:$I$5987)/AVERAGE('Cleaned Data'!$I$2:$I$5987)*100 -> 107.24413
A18: Data Completeness
A19: Field | B19: Non-null Count | C19: Total Rows | D19: Completeness %
A20: Mass | B20: =COUNT('Cleaned Data'!$C$2:$C$5987) -> 2079 | C20: =COUNTA('Cleaned Data'!$A$2:$A$5987) -> 5986 | D20: =B20/C20 -> 0.34731039
A21: Mass·sin(i) | B21: =COUNT('Cleaned Data'!$F$2:$F$5987) -> 1202 | C21: =COUNTA('Cleaned Data'!$A$2:$A$5987) -> 5986 | D21: =B21/C21 -> 0.20080187
A22: Radius | B22: =COUNT('Cleaned Data'!$I$2:$I$5987) -> 4568 | C22: =COUNTA('Cleaned Data'!$A$2:$A$5987) -> 5986 | D22: =B22/C22 -> 0.76311393

Sheet Status Summary
A1: planet_status | B1: Number of Planets
A2: Confirmed | B2: =COUNTIF('Cleaned Data'!$B$2:$B$5987,A2) -> 5986

Sheet Top 10 Planets
A1: Top 10 Planets by Mass and by Radius
A3: Rank | B3: Planet Name | C3: Mass (Mj) | E3: Rank | F3: Planet Name | G3: Radius (Rj)
A4: 1 | B4: {=INDEX('Cleaned Data'!$A$2:$A$5987,MATCH(1,'Cleaned Data'!$T$2:$T$5987,0))} -> GJ 2030 Ac | C4: {=INDEX('Cleaned Data'!$C$2:$C$5987,MATCH(1,'Cleaned Data'!$T$2:$T$5987,0))} -> 12.934 | E4: 1 | F4: {=INDEX('Cleaned Data'!$A$2:$A$5987,MATCH(1,'Cleaned Data'!$U$2:$U$5987,0))} -> HD 100546 b | G4: {=INDEX('Cleaned Data'!$I$2:$I$5987,MATCH(1,'Cleaned Data'!$U$2:$U$5987,0))} -> 6.9
A5: 2 | B5: {=INDEX('Cleaned Data'!$A$2:$A$5987,MATCH(2,'Cleaned Data'!$T$2:$T$5987,0))} -> HATS-70 b | C5: {=INDEX('Cleaned Data'!$C$2:$C$5987,MATCH(2,'Cleaned Data'!$T$2:$T$5987,0))} -> 12.9 | E5: 2 | F5: {=INDEX('Cleaned Data'!$A$2:$A$5987,MATCH(2,'Cleaned Data'!$U$2:$U$5987,0))} -> KOI-7073 b | G5: {=INDEX('Cleaned Data'!$I$2:$I$5987,MATCH(2,'Cleaned Data'!$U$2:$U$5987,0))} -> 2.6987
A6: 3 | B6: {=INDEX('Cleaned Data'!$A$2:$A$5987,MATCH(3,'Cleaned Data'!$T$2:$T$5987,0))} -> TOI-4603 b | C6: {=INDEX('Cleaned Data'!$C$2:$C$5987,MATCH(3,'Cleaned Data'!$T$2:$T$5987,0))} -> 12.89 | E6: 3 | F6: {=INDEX('Cleaned Data'!$A$2:$A$5987,MATCH(3,'Cleaned Data'!$U$2:$U$5987,0))} -> Kepler-450 Ac | G6: {=INDEX('Cleaned Data'!$I$2:$I$5987,MATCH(3,'Cleaned Data'!$U$2:$U$5987,0))} -> 2.59
A7: 4 | B7: {=INDEX('Cleaned Data'!$A$2:$A$5987,MATCH(4,'Cleaned Data'!$T$2:$T$5987,0))} -> HD 11506 d | C7: {=INDEX('Cleaned Data'!$C$2:$C$5987,MATCH(4,'Cleaned Data'!$T$2:$T$5987,0))} -> 12.8 | E7: 4 | F7: {=INDEX('Cleaned Data'!$A$2:$A$5987,MATCH(4,'Cleaned Data'!$U$2:$U$5987,0))} -> ROXs 42B (AB)b | G7: {=INDEX('Cleaned Data'!$I$2:$I$5987,MATCH(4,'Cleaned Data'!$U$2:$U$5987,0))} -> 2.5
A8: 5 | B8: {=INDEX('Cleaned Data'!$A$2:$A$5987,MATCH(5,'Cleaned Data'!$T$2:$T$5987,0))} -> HD 128717 b | C8: {=INDEX('Cleaned Data'!$C$2:$C$5987,MATCH(5,'Cleaned Data'!$T$2:$T$5987,0))} -> 12.8 | E8: 5 | F8: {=INDEX('Cleaned Data'!$A$2:$A$5987,MATCH(5,'Cleaned Data'!$U$2:$U$5987,0))} -> SOI-2 b | G8: {=INDEX('Cleaned Data'!$I$2:$I$5987,MATCH(5,'Cleaned Data'!$U$2:$U$5987,0))} -> 2.22
A9: 6 | B9: {=INDEX('Cleaned Data'!$A$2:$A$5987,MATCH(6,'Cleaned Data'!$T$2:$T$5987,0))} -> TIC 4672985 | C9: {=INDEX('Cleaned Data'!$C$2:$C$5987,MATCH(6,'Cleaned Data'!$T$2:$T$5987,0))} -> 12.74 | E9: 6 | F9: {=INDEX('Cleaned Data'!$A$2:$A$5987,MATCH(6,'Cleaned Data'!$U$2:$U$5987,0))} -> XO-6 b | G9: {=INDEX('Cleaned Data'!$I$2:$I$5987,MATCH(6,'Cleaned Data'!$U$2:$U$5987,0))} -> 2.17
A10: 7 | B10: {=INDEX('Cleaned Data'!$A$2:$A$5987,MATCH(7,'Cleaned Data'!$T$2:$T$5987,0))} -> pi Men b | C10: {=INDEX('Cleaned Data'!$C$2:$C$5987,MATCH(7,'Cleaned Data'!$T$2:$T$5987,0))} -> 12.6 | E10: 7 | F10: {=INDEX('Cleaned Data'!$A$2:$A$5987,MATCH(7,'Cleaned Data'!$U$2:$U$5987,0))} -> HAT-P-67 Ab | G10: {=INDEX('Cleaned Data'!$I$2:$I$5987,MATCH(7,'Cleaned Data'!$U$2:$U$5987,0))} -> 2.14
A11: 8 | B11: {=INDEX('Cleaned Data'!$A$2:$A$5987,MATCH(8,'Cleaned Data'!$T$2:$T$5987,0))} -> HD 149806 Ab | C11: {=INDEX('Cleaned Data'!$C$2:$C$5987,MATCH(8,'Cleaned Data'!$T$2:$T$5987,0))} -> 12.597 | E11: 8 | F11: {=INDEX('Cleaned Data'!$A$2:$A$5987,MATCH(8,'Cleaned Data'!$U$2:$U$5987,0))} -> TOI-3540 b | G11: {=INDEX('Cleaned Data'!$I$2:$I$5987,MATCH(8,'Cleaned Data'!$U$2:$U$5987,0))} -> 2.1
A12: 9 | B12: {=INDEX('Cleaned Data'!$A$2:$A$5987,MATCH(9,'Cleaned Data'!$T$2:$T$5987,0))} -> 2MASS J2236+4751 b | C12: {=INDEX('Cleaned Data'!$C$2:$C$5987,MATCH(9,'Cleaned Data'!$T$2:$T$5987,0))} -> 12.5 | E12: 9 | F12: {=INDEX('Cleaned Data'!$A$2:$A$5987,MATCH(9,'Cleaned Data'!$U$2:$U$5987,0))} -> HIP 65 Ab | G12: {=INDEX('Cleaned Data'!$I$2:$I$5987,MATCH(9,'Cleaned Data'!$U$2:$U$5987,0))} -> 2.03
A13: 10 | B13: {=INDEX('Cleaned Data'!$A$2:$A$5987,MATCH(10,'Cleaned Data'!$T$2:$T$5987,0))} -> TOI-4987 b | C13: {=INDEX('Cleaned Data'!$C$2:$C$5987,MATCH(10,'Cleaned Data'!$T$2:$T$5987,0))} -> 12.37 | E13: 10 | F13: {=INDEX('Cleaned Data'!$A$2:$A$5987,MATCH(10,'Cleaned Data'!$U$2:$U$5987,0))} -> TOI-3807 b | G13: {=INDEX('Cleaned Data'!$I$2:$I$5987,MATCH(10,'Cleaned Data'!$U$2:$U$5987,0))} -> 2

Sheet Mass Classification
A1: Planet Mass Classification (Jupiter Masses, Mj)
A3: Mass Category | B3: Planet Count | C3: Share of Classified (%)
A4: Sub-Neptune (< 0.1 Mj) | B4: =COUNTIF('Cleaned Data'!$C$2:$C$5987,"<0.1") -> 817 | C4: =B4/$B$9 -> 0.39297739
A5: Neptune-like (0.1 – 0.5 Mj) | B5: =COUNTIFS('Cleaned Data'!$C$2:$C$5987,">=0.1",'Cleaned Data'!$C$2:$C$5987,"<0.5") -> 302 | C5: =B5/$B$9 -> 0.14526215
A6: Saturn-like (0.5 – 1 Mj) | B6: =COUNTIFS('Cleaned Data'!$C$2:$C$5987,">=0.5",'Cleaned Data'!$C$2:$C$5987,"<1") -> 296 | C6: =B6/$B$9 -> 0.14237614
A7: Jupiter-like (1 – 2 Mj) | B7: =COUNTIFS('Cleaned Data'!$C$2:$C$5987,">=1",'Cleaned Data'!$C$2:$C$5987,"<2") -> 222 | C7: =B7/$B$9 -> 0.10678211
A8: Super-Jupiter (> 2 Mj) | B8: =COUNTIF('Cleaned Data'!$C$2:$C$5987,">=2") -> 442 | C8: =B8/$B$9 -> 0.21260221
A9: Total Classified | B9: =SUM(B4:B8) -> 2079

Sheet Radius Classification
A1: Planet Radius Classification (Jupiter Radii, Rj)
A3: Radius Category | B3: Planet Count | C3: Share of Classified (%)
A4: Sub-Neptune (< 0.15 Rj) | B4: =COUNTIF('Cleaned Data'!$I$2:$I$5987,"<0.15") -> 1236 | C4: =B4/$B$9 -> 0.27057793
A5: Neptune-size (0.15 – 0.5 Rj) | B5: =COUNTIFS('Cleaned Data'!$I$2:$I$5987,">=0.15",'Cleaned Data'!$I$2:$I$5987,"<0.5") -> 2316 | C5: =B5/$B$9 -> 0.50700525
A6: Saturn-size (0.5 – 0.9 Rj) | B6: =COUNTIFS('Cleaned Data'!$I$2:$I$5987,">=0.5",'Cleaned Data'!$I$2:$I$5987,"<0.9") -> 250 | C6: =B6/$B$9 -> 0.054728546
A7: Jupiter-size (0.9 – 1.3 Rj) | B7: =COUNTIFS('Cleaned Data'!$I$2:$I$5987,">=0.9",'Cleaned Data'!$I$2:$I$5987,"<1.3") -> 505 | C7: =B7/$B$9 -> 0.11055166
A8: Inflated / Large (> 1.3 Rj) | B8: =COUNTIF('Cleaned Data'!$I$2:$I$5987,">=1.3") -> 261 | C8: =B8/$B$9 -> 0.057136602
A9: Total Classified | B9: =SUM(B4:B8) -> 4568

Sheet Outlier Analysis
A1: Outlier Analysis (IQR Method, 1.5×IQR Fences)
A3: Field | B3: Outlier Count | C3: Total Non-null | D3: Outlier %
A4: Mass | B4: =COUNTIF('Cleaned Data'!$K$2:$K$5987,TRUE()) -> 281 | C4: =COUNT('Cleaned Data'!$C$2:$C$5987) -> 2079 | D4: =B4/C4 -> 0.13516114
A5: Mass·sin(i) | B5: =COUNTIF('Cleaned Data'!$L$2:$L$5987,TRUE()) -> 126 | C5: =COUNT('Cleaned Data'!$F$2:$F$5987) -> 1202 | D5: =B5/C5 -> 0.10482529
A6: Radius | B6: =COUNTIF('Cleaned Data'!$M$2:$M$5987,TRUE()) -> 876 | C6: =COUNT('Cleaned Data'!$I$2:$I$5987) -> 4568 | D6: =B6/C6 -> 0.19176883

Sheet Chart Data
A1: Planet Status | B1: Number of Planets | C1: Percentage | E1: Rank | F1: Planet Name | G1: Mass
A2: Confirmed | B2: 1588 | C2: 1 | E2: 1 | F2: HATS-70 b | G2: 12.9
E3: 2 | F3: TOI-4603 b | G3: 12.89
E4: 3 | F4: TIC 4672985 | G4: 12.74
E5: 4 | F5: TOI-4987 b | G5: 12.37
E6: 5 | F6: HD 31221 b | G6: 12
E7: 6 | F7: beta Pic b | G7: 11.9
E8: 7 | F8: XO-3 Ab | G8: 11.79
E9: 8 | F9: Kepler-1625 b | G9: 11.6
E10: 9 | F10: Ross 458 (AB)b | G10: 11.3
E11: 10 | F11: GU Psc b | G11: 11

Sheet Mass vs Radius
A1: Planet Name | B1: Mass | C1: Radius
A2: 109 Psc b | B2: 5.743 | C2: 1.152
A3: 51 Eri Ab | B3: 4.1 | C3: 1.11
A4: 51 Peg b | B4: 0.47 | C4: 1.9
A5: 55 Cnc Ae | B5: 0.02703 | C5: 0.1737
A6: AF Lep b | B6: 3.75 | C6: 1.3
A7: AU Mic b | B7: 0.028 | C7: 0.4273
A8: AU Mic c | B8: 0.0456 | C8: 0.2248
A9: BD+20 594 b | B9: 0.07 | C9: 0.23
A10: beta Pic b | B10: 11.9 | C10: 1.65
A11: beta Pic c | B11: 8.89 | C11: 1.2
A12: CFHTWIR-Oph 98 b | B12: 7.8 | C12: 1.86
A13: COCONUTS-2 b | B13: 6.4 | C13: 1.12
... A1589: XO-7 b | B1589: 0.726 | C1589: 1.346
